<?xml version="1.0" encoding="UTF-8"?>
<configurationDescriptor version="62">
  <logicalFolder name="root" displayName="root" projectFiles="true">
    <logicalFolder name="HeaderFiles"
                   displayName="Header Files"
                   projectFiles="true">
      <logicalFolder name="app" displayName="app" projectFiles="true">
        <itemPath>src/app/app.h</itemPath>
        <itemPath>src/app/uart.h</itemPath>
      </logicalFolder>
      <logicalFolder name="f1" displayName="framework" projectFiles="true">
        <logicalFolder name="f1" displayName="driver" projectFiles="true">
          <logicalFolder name="sdcard" displayName="sdcard" projectFiles="true">
            <itemPath>C:/microchip/harmony/v0_80b/framework/driver/sdcard/drv_sdcard.h</itemPath>
          </logicalFolder>
          <logicalFolder name="spi" displayName="spi" projectFiles="true">
            <itemPath>C:/microchip/harmony/v0_80b/framework/driver/spi/drv_spi.h</itemPath>
          </logicalFolder>
        </logicalFolder>
        <logicalFolder name="f3" displayName="peripheral" projectFiles="true">
          <logicalFolder name="int" displayName="int" projectFiles="true">
            <itemPath>C:/microchip/harmony/v0_80b/framework/peripheral/int/plib_int.h</itemPath>
          </logicalFolder>
        </logicalFolder>
        <logicalFolder name="f2" displayName="system" projectFiles="true">
          <logicalFolder name="devcon" displayName="devcon" projectFiles="true">
            <logicalFolder name="config" displayName="config" projectFiles="true">
              <itemPath>C:/microchip/harmony/v0_80b/framework/system/devcon/config/sys_devcon_config.h</itemPath>
              <itemPath>C:/microchip/harmony/v0_80b/framework/system/devcon/config/sys_devcon_config_template.h</itemPath>
            </logicalFolder>
            <itemPath>C:/microchip/harmony/v0_80b/framework/system/devcon/sys_devcon.h</itemPath>
            <itemPath>C:/microchip/harmony/v0_80b/framework/system/devcon/src/sys_devcon_local.h</itemPath>
          </logicalFolder>
          <logicalFolder name="fs" displayName="fs" projectFiles="true">
            <itemPath>C:/microchip/harmony/v0_80b/framework/system/fs/sys_fs.h</itemPath>
            <itemPath>C:/microchip/harmony/v0_80b/framework/system/fs/sys_fs_media_manager.h</itemPath>
          </logicalFolder>
          <logicalFolder name="int" displayName="int" projectFiles="true">
            <itemPath>C:/microchip/harmony/v0_80b/framework/system/int/sys_int.h</itemPath>
          </logicalFolder>
          <logicalFolder name="ports" displayName="ports" projectFiles="true">
            <itemPath>C:/microchip/harmony/v0_80b/framework/system/ports/sys_ports.h</itemPath>
          </logicalFolder>
        </logicalFolder>
      </logicalFolder>
      <logicalFolder name="system_config"
                     displayName="system_config"
                     projectFiles="true">
        <itemPath>src/system_config/system_config.h</itemPath>
        <itemPath>src/system_config/bsp_config.h</itemPath>
      </logicalFolder>
    </logicalFolder>
    <logicalFolder name="LinkerScript"
                   displayName="Linker Files"
                   projectFiles="true">
    </logicalFolder>
    <logicalFolder name="SourceFiles"
                   displayName="Source Files"
                   projectFiles="true">
      <logicalFolder name="app" displayName="app" projectFiles="true">
        <itemPath>src/app/app.c</itemPath>
        <itemPath>src/app/main.c</itemPath>
        <itemPath>src/app/uart.c</itemPath>
      </logicalFolder>
      <logicalFolder name="f2" displayName="framework" projectFiles="true">
        <logicalFolder name="f1" displayName="driver" projectFiles="true">
          <logicalFolder name="sdcard" displayName="sdcard" projectFiles="true">
            <logicalFolder name="src" displayName="src" projectFiles="true">
              <logicalFolder name="dynamic" displayName="dynamic" projectFiles="true">
                <itemPath>C:/microchip/harmony/v0_80b/framework/driver/sdcard/src/dynamic/drv_sdcard_dynamic.c</itemPath>
              </logicalFolder>
            </logicalFolder>
          </logicalFolder>
          <logicalFolder name="spi" displayName="spi" projectFiles="true">
            <logicalFolder name="src" displayName="src" projectFiles="true">
              <logicalFolder name="dynamic" displayName="dynamic" projectFiles="true">
                <itemPath>C:/microchip/harmony/v0_80b/framework/driver/spi/src/dynamic/drv_spi_dynamic.c</itemPath>
              </logicalFolder>
            </logicalFolder>
          </logicalFolder>
        </logicalFolder>
        <logicalFolder name="f3" displayName="plib" projectFiles="true">
          <logicalFolder name="int" displayName="int" projectFiles="true">
            <logicalFolder name="src" displayName="src" projectFiles="true">
              <itemPath>C:/microchip/harmony/v0_80b/framework/peripheral/int/src/plib_int_pic32.c</itemPath>
            </logicalFolder>
          </logicalFolder>
        </logicalFolder>
        <logicalFolder name="f2" displayName="system" projectFiles="true">
          <logicalFolder name="clk" displayName="clk" projectFiles="true">
            <logicalFolder name="src" displayName="src" projectFiles="true">
              <itemPath>C:/microchip/harmony/v0_80b/framework/system/clk/src/sys_clk.c</itemPath>
              <itemPath>C:/microchip/harmony/v0_80b/framework/system/clk/src/sys_clk_pic32mz.c</itemPath>
            </logicalFolder>
          </logicalFolder>
          <logicalFolder name="devcon" displayName="devcon" projectFiles="true">
            <logicalFolder name="src" displayName="src" projectFiles="true">
              <itemPath>C:/microchip/harmony/v0_80b/framework/system/devcon/src/sys_devcon.c</itemPath>
              <itemPath>C:/microchip/harmony/v0_80b/framework/system/devcon/src/sys_devcon_pic32mz.c</itemPath>
            </logicalFolder>
          </logicalFolder>
          <logicalFolder name="fs" displayName="fs" projectFiles="true">
            <logicalFolder name="fat_fs" displayName="fat_fs" projectFiles="true">
              <logicalFolder name="src" displayName="src" projectFiles="true">
                <logicalFolder name="file_system" displayName="file_system" projectFiles="true">
                  <itemPath>C:/microchip/harmony/v0_80b/framework/system/fs/fat_fs/src/file_system/ff.c</itemPath>
                </logicalFolder>
                <logicalFolder name="hardware_access"
                               displayName="hardware_access"
                               projectFiles="true">
                  <itemPath>C:/microchip/harmony/v0_80b/framework/system/fs/fat_fs/src/hardware_access/diskio.c</itemPath>
                </logicalFolder>
              </logicalFolder>
            </logicalFolder>
            <logicalFolder name="src" displayName="src" projectFiles="true">
              <logicalFolder name="dynamic" displayName="dynamic" projectFiles="true">
                <itemPath>C:/microchip/harmony/v0_80b/framework/system/fs/src/dynamic/sys_fs.c</itemPath>
                <itemPath>C:/microchip/harmony/v0_80b/framework/system/fs/src/dynamic/sys_fs_media_manager.c</itemPath>
              </logicalFolder>
            </logicalFolder>
          </logicalFolder>
          <logicalFolder name="int" displayName="int" projectFiles="true">
            <logicalFolder name="src" displayName="src" projectFiles="true">
              <itemPath>C:/microchip/harmony/v0_80b/framework/system/int/src/sys_int_pic32.c</itemPath>
            </logicalFolder>
          </logicalFolder>
          <logicalFolder name="ports" displayName="ports" projectFiles="true">
            <logicalFolder name="src" displayName="src" projectFiles="true">
              <itemPath>C:/microchip/harmony/v0_80b/framework/system/ports/src/sys_ports.c</itemPath>
            </logicalFolder>
          </logicalFolder>
        </logicalFolder>
      </logicalFolder>
      <logicalFolder name="system_config"
                     displayName="system_config"
                     projectFiles="true">
        <itemPath>src/system_config/system_config.c</itemPath>
        <itemPath>src/system_config/system_init.c</itemPath>
        <itemPath>src/system_config/system_interrupt.c</itemPath>
        <itemPath>src/system_config/system_tasks.c</itemPath>
        <itemPath>src/system_config/bsp_sys_init.c</itemPath>
      </logicalFolder>
    </logicalFolder>
    <logicalFolder name="ExternalFiles"
                   displayName="Important Files"
                   projectFiles="false">
      <itemPath>Makefile</itemPath>
    </logicalFolder>
  </logicalFolder>
  <sourceRootList>
    <Elem>src</Elem>
    <Elem>C:/microchip/harmony/v0_80b/framework</Elem>
    <Elem>C:/microchip/harmony/v0_80b/bsp/pic32mz_esk</Elem>
    <Elem>C:/microchip/harmony/v0_80b/bsp/pic32mz_esk_mebii</Elem>
    <Elem>C:/microchip/harmony/v0_80b/bsp/sk_pic32_mz</Elem>
  </sourceRootList>
  <projectmakefile>Makefile</projectmakefile>
  <confs>
    <conf name="default" type="2">
      <toolsSet>
        <developmentServer>localhost</developmentServer>
        <targetDevice>PIC32MZ2048ECM144</targetDevice>
        <targetHeader></targetHeader>
        <targetPluginBoard></targetPluginBoard>
        <platformTool>PKOBSKDEPlatformTool</platformTool>
        <languageToolchain>XC32</languageToolchain>
        <languageToolchainVersion>1.31</languageToolchainVersion>
        <platform>3</platform>
      </toolsSet>
      <compileType>
        <linkerTool>
          <linkerLibItems>
            <linkerLibFileItem>..\..\..\..\..\..\microchip\harmony\v0_80b\bin\framework\peripheral\PIC32MZ2048ECM144_peripherals.a</linkerLibFileItem>
          </linkerLibItems>
        </linkerTool>
        <loading>
          <useAlternateLoadableFile>false</useAlternateLoadableFile>
          <alternateLoadableFile></alternateLoadableFile>
        </loading>
      </compileType>
      <makeCustomizationType>
        <makeCustomizationPreStepEnabled>false</makeCustomizationPreStepEnabled>
        <makeCustomizationPreStep></makeCustomizationPreStep>
        <makeCustomizationPostStepEnabled>false</makeCustomizationPostStepEnabled>
        <makeCustomizationPostStep></makeCustomizationPostStep>
        <makeCustomizationPutChecksumInUserID>false</makeCustomizationPutChecksumInUserID>
        <makeCustomizationEnableLongLines>false</makeCustomizationEnableLongLines>
        <makeCustomizationNormalizeHexFile>false</makeCustomizationNormalizeHexFile>
      </makeCustomizationType>
      <C32>
        <property key="additional-warnings" value="false"/>
        <property key="enable-app-io" value="false"/>
        <property key="enable-omit-frame-pointer" value="false"/>
        <property key="enable-symbols" value="true"/>
        <property key="enable-unroll-loops" value="false"/>
        <property key="exclude-floating-point" value="false"/>
        <property key="extra-include-directories"
                  value=".;src;src\app;src\system_config;..\..\..\..\..\..\microchip\harmony\v0_80b;..\..\..\..\..\..\microchip\harmony\v0_80b\bsp;..\..\..\..\..\..\microchip\harmony\v0_80b\framework;..\..\..\..\..\..\microchip\harmony\v0_80b\framework\driver;..\..\..\..\..\..\microchip\harmony\v0_80b\framework\peripheral;..\..\..\..\..\..\microchip\harmony\v0_80b\framework\system"/>
        <property key="generate-16-bit-code" value="false"/>
        <property key="generate-micro-compressed-code" value="false"/>
        <property key="isolate-each-function" value="false"/>
        <property key="make-warnings-into-errors" value="false"/>
        <property key="optimization-level" value="-O1"/>
        <property key="place-data-into-section" value="false"/>
        <property key="post-instruction-scheduling" value="default"/>
        <property key="pre-instruction-scheduling" value="default"/>
        <property key="preprocessor-macros" value="_OPTIMIZE_"/>
        <property key="strict-ansi" value="false"/>
        <property key="support-ansi" value="false"/>
        <property key="use-cci" value="false"/>
        <property key="use-iar" value="false"/>
        <property key="use-indirect-calls" value="false"/>
      </C32>
      <C32-AS>
        <property key="assembler-symbols" value=""/>
        <property key="enable-symbols" value="true"/>
        <property key="exclude-floating-point-library" value="false"/>
        <property key="expand-macros" value="false"/>
        <property key="extra-include-directories-for-assembler" value=""/>
        <property key="extra-include-directories-for-preprocessor" value=""/>
        <property key="false-conditionals" value="false"/>
        <property key="keep-locals" value="false"/>
        <property key="list-assembly" value="false"/>
        <property key="list-source" value="false"/>
        <property key="list-symbols" value="false"/>
        <property key="oXC32asm-list-to-file" value="false"/>
        <property key="omit-debug-dirs" value="false"/>
        <property key="omit-forms" value="false"/>
        <property key="preprocessor-macros" value=""/>
        <property key="warning-level" value=""/>
      </C32-AS>
      <C32-LD>
        <property key="additional-options-use-response-files" value="false"/>
        <property key="enable-check-sections" value="false"/>
        <property key="exclude-floating-point-library" value="false"/>
        <property key="exclude-standard-libraries" value="false"/>
        <property key="extra-lib-directories" value=""/>
        <property key="fill-flash-options-addr" value=""/>
        <property key="fill-flash-options-const" value=""/>
        <property key="fill-flash-options-how" value="0"/>
        <property key="fill-flash-options-inc-const" value="1"/>
        <property key="fill-flash-options-increment" value=""/>
        <property key="fill-flash-options-seq" value=""/>
        <property key="fill-flash-options-what" value="0"/>
        <property key="generate-16-bit-code" value="false"/>
        <property key="generate-cross-reference-file" value="false"/>
        <property key="generate-micro-compressed-code" value="false"/>
        <property key="heap-size" value=""/>
        <property key="input-libraries" value=""/>
        <property key="linker-symbols" value=""/>
        <property key="map-file" value="${DISTDIR}/${PROJECTNAME}.${IMAGE_TYPE}.map"/>
        <property key="no-startup-files" value="false"/>
        <property key="oXC32ld-extra-opts" value=""/>
        <property key="optimization-level" value=""/>
        <property key="preprocessor-macros" value=""/>
        <property key="remove-unused-sections" value="false"/>
        <property key="report-memory-usage" value="false"/>
        <property key="stack-size" value=""/>
        <property key="symbol-stripping" value=""/>
        <property key="trace-symbols" value=""/>
        <property key="warn-section-align" value="false"/>
      </C32-LD>
      <C32CPP>
        <property key="additional-warnings" value="false"/>
        <property key="check-new" value="false"/>
        <property key="eh-specs" value="true"/>
        <property key="enable-app-io" value="false"/>
        <property key="enable-omit-frame-pointer" value="false"/>
        <property key="enable-symbols" value="true"/>
        <property key="enable-unroll-loops" value="false"/>
        <property key="exceptions" value="true"/>
        <property key="exclude-floating-point" value="false"/>
        <property key="extra-include-directories" value=""/>
        <property key="generate-16-bit-code" value="false"/>
        <property key="generate-micro-compressed-code" value="false"/>
        <property key="isolate-each-function" value="false"/>
        <property key="make-warnings-into-errors" value="false"/>
        <property key="optimization-level" value="-O1"/>
        <property key="place-data-into-section" value="false"/>
        <property key="post-instruction-scheduling" value="default"/>
        <property key="pre-instruction-scheduling" value="default"/>
        <property key="preprocessor-macros" value=""/>
        <property key="rtti" value="true"/>
        <property key="strict-ansi" value="false"/>
        <property key="use-cci" value="false"/>
        <property key="use-iar" value="false"/>
        <property key="use-indirect-calls" value="false"/>
      </C32CPP>
      <C32Global>
        <property key="legacy-libc" value="false"/>
        <property key="save-temps" value="false"/>
        <property key="wpo-lto" value="false"/>
      </C32Global>
      <PKOBSKDEPlatformTool>
        <property key="AutoSelectMemRanges" value="auto"/>
        <property key="SecureSegment.SegmentProgramming" value="FullChipProgramming"/>
        <property key="ToolFirmwareFilePath"
                  value="Press to browse for a specific firmware version"/>
        <property key="ToolFirmwareOption.UseLatestFirmware" value="true"/>
        <property key="firmware.download.all" value="false"/>
        <property key="memories.configurationmemory" value="true"/>
        <property key="memories.eeprom" value="true"/>
        <property key="memories.id" value="true"/>
        <property key="memories.programmemory" value="true"/>
        <property key="memories.programmemory.end" value="0x1d1fffff"/>
        <property key="memories.programmemory.start" value="0x1d000000"/>
        <property key="poweroptions.powerenable" value="false"/>
        <property key="programoptions.eraseb4program" value="true"/>
        <property key="programoptions.preserveeeprom" value="false"/>
        <property key="programoptions.preserveprogramrange" value="false"/>
        <property key="programoptions.preserveprogramrange.end" value="0x1d0007ff"/>
        <property key="programoptions.preserveprogramrange.start" value="0x1d000000"/>
        <property key="programoptions.usehighvoltageonmclr" value="false"/>
        <property key="programoptions.uselvpprogramming" value="false"/>
        <property key="voltagevalue" value="3.25"/>
      </PKOBSKDEPlatformTool>
    </conf>
  </confs>
</configurationDescriptor>
