<?xml version="1.0" encoding="UTF-8"?><project-private xmlns="http://www.netbeans.org/ns/project-private/1">
    <editor-bookmarks xmlns="http://www.netbeans.org/ns/editor-bookmarks/1">
        <file>
            <url>file:/C:/microchip/harmony/v0_80b/framework/driver/spi/src/dynamic/drv_spi_dynamic.c</url>
            <line>174</line>
            <line>400</line>
        </file>
        <file>
            <url>file:/C:/microchip/harmony/v0_80b/framework/driver/usart/drv_usart.h</url>
            <line>827</line>
        </file>
    </editor-bookmarks>
</project-private>
